Keyword,Year,Count,RelativeGrowth
systems engineering,2010,4,
systems engineering,2006,2,
systems engineering,2012,2,
systems engineering,2017,2,
systems engineering,2019,2,
systems engineering,2020,2,
systems engineering,2022,2,
systems engineering,2005,1,
systems engineering,2011,1,
systems engineering,2015,1,
systems engineering,2016,1,
systems engineering,2023,1,
systems engineering,2024,1,
system dynamics,2024,8,
system dynamics,2008,3,
system dynamics,2012,3,
system dynamics,2018,3,
system dynamics,2021,3,
system dynamics,2011,2,
system dynamics,2013,2,
system dynamics,2015,2,
system dynamics,2020,2,
system dynamics,2022,2,
system dynamics,2005,1,
system dynamics,2007,1,
system dynamics,2016,1,
system dynamics,2017,1,
system dynamics,2019,1,
engineering design,2012,2,
engineering design,2007,1,
engineering design,2008,1,
engineering design,2020,1,
engineering design,2022,1,
engineering design,2024,1,
